{
  "timestamp": "2025-10-24T01:45:49.914437",
  "detector_model": "convlstm_model_best.keras",
  "attacker_model": "attacker_model.keras",
  "epsilon": 0.05,
  "target_class": 0,
  "baseline": {
    "loss": 0.30262869596481323,
    "accuracy": 0.990328848361969,
    "classification_report": {
      "Benigno": {
        "precision": 0.9901378408752093,
        "recall": 0.9999536747504227,
        "f1-score": 0.995021550233941,
        "support": 43173.0
      },
      "Malware": {
        "precision": 0.99812734082397,
        "recall": 0.7125668449197861,
        "f1-score": 0.8315132605304212,
        "support": 1496.0
      },
      "accuracy": 0.9903288634175826,
      "macro avg": {
        "precision": 0.9941325908495897,
        "recall": 0.8562602598351043,
        "f1-score": 0.9132674053821811,
        "support": 44669.0
      },
      "weighted avg": {
        "precision": 0.9904054155225789,
        "recall": 0.9903288634175826,
        "f1-score": 0.9895455288008114,
        "support": 44669.0
      }
    },
    "confusion_matrix": [
      [
        43171,
        2
      ],
      [
        430,
        1066
      ]
    ]
  },
  "adversarial": {
    "loss": 0.2945846915245056,
    "accuracy": 0.9805009961128235,
    "classification_report": {
      "Benigno": {
        "precision": 0.9802243211334121,
        "recall": 1.0,
        "f1-score": 0.9900134148159189,
        "support": 43173.0
      },
      "Malware": {
        "precision": 1.0,
        "recall": 0.4177807486631016,
        "f1-score": 0.5893446487505893,
        "support": 1496.0
      },
      "accuracy": 0.9805010186035058,
      "macro avg": {
        "precision": 0.990112160566706,
        "recall": 0.7088903743315508,
        "f1-score": 0.789679031783254,
        "support": 44669.0
      },
      "weighted avg": {
        "precision": 0.9808866241978285,
        "recall": 0.9805010186035058,
        "f1-score": 0.9765947021956737,
        "support": 44669.0
      }
    },
    "confusion_matrix": [
      [
        43173,
        0
      ],
      [
        871,
        625
      ]
    ]
  },
  "effectiveness": {
    "malware_samples": 1496,
    "ASR_targeted_to_benign_pct": 58.221925133689844,
    "benign_confidence_mean_on_success": 0.6137495040893555
  },
  "stealth": {
    "linf_intent_global": 0.05000000074505806,
    "linf_intent_mean": 0.05000000447034836,
    "linf_actual_global": 0.050000011920928955,
    "linf_actual_mean": 0.05000000819563866,
    "l1_mean_postclip": 0.028325751423835754,
    "tv_temporal_postclip": 0.0059303040616214275
  }
}