{
  "timestamp": "2025-09-08T12:39:27.053662",
  "model_name": "convlstm_model.keras",
  "basic_metrics": {
    "loss": 0.6001454591751099,
    "accuracy": 0.7836747169494629
  },
  "ransomware_specific_metrics": {
    "precision": 0.8293060119853083,
    "recall": 0.18764762487971307,
    "f1_score": 0.30604601391118247,
    "support": 22862.0
  },
  "confusion_matrix": {
    "true_positives": 4290,
    "true_negatives": 66189,
    "false_positives": 883,
    "false_negatives": 18572,
    "sensitivity": 0.18764762487971307,
    "specificity": 0.9868350429389313
  },
  "roc_auc": 0.8348558067492033,
  "average_precision": 0.6897404700782765,
  "classification_report": {
    "Benigno": {
      "precision": 0.7808897960146766,
      "recall": 0.9868350429389313,
      "f1-score": 0.8718657999249175,
      "support": 67072.0
    },
    "Ransomware/Malware": {
      "precision": 0.8293060119853083,
      "recall": 0.18764762487971307,
      "f1-score": 0.30604601391118247,
      "support": 22862.0
    },
    "accuracy": 0.7836746947761692,
    "macro avg": {
      "precision": 0.8050979039999924,
      "recall": 0.5872413339093222,
      "f1-score": 0.58895590691805,
      "support": 89934.0
    },
    "weighted avg": {
      "precision": 0.7931976165221662,
      "recall": 0.7836746947761692,
      "f1-score": 0.72802952056621,
      "support": 89934.0
    }
  },
  "feature_names": [
    "entropy_mean",
    "entropy_std",
    "entropy_max",
    "packet_size_mean",
    "packet_size_std",
    "packet_size_ratio",
    "unique_src_ports",
    "unique_dst_ports",
    "port_diversity",
    "ransomware_port_usage",
    "payload_variance",
    "null_bytes_mean",
    "null_bytes_ratio"
  ]
}