{
  "timestamp": "2025-09-27T17:28:31.123244",
  "model_name": "convlstm_model.keras",
  "basic_metrics": {
    "loss": 0.6450620889663696,
    "accuracy": 0.785464882850647
  },
  "ransomware_specific_metrics": {
    "precision": 0.8303703703703704,
    "recall": 0.1961333216691453,
    "f1_score": 0.31731653810770644,
    "support": 22862.0
  },
  "confusion_matrix": {
    "true_positives": 4484,
    "true_negatives": 66156,
    "false_positives": 916,
    "false_negatives": 18378,
    "sensitivity": 0.1961333216691453,
    "specificity": 0.986343034351145
  },
  "roc_auc": 0.8143116068110455,
  "average_precision": 0.6701368522986773,
  "classification_report": {
    "Benigno": {
      "precision": 0.7825963517637874,
      "recall": 0.986343034351145,
      "f1-score": 0.8727359075498331,
      "support": 67072.0
    },
    "Ransomware/Malware": {
      "precision": 0.8303703703703704,
      "recall": 0.1961333216691453,
      "f1-score": 0.31731653810770644,
      "support": 22862.0
    },
    "accuracy": 0.7854648964796406,
    "macro avg": {
      "precision": 0.806483361067079,
      "recall": 0.5912381780101451,
      "f1-score": 0.5950262228287697,
      "support": 89934.0
    },
    "weighted avg": {
      "precision": 0.7947409201515351,
      "recall": 0.7854648964796406,
      "f1-score": 0.7315435039629149,
      "support": 89934.0
    }
  },
  "feature_names": [
    "entropy_mean",
    "entropy_std",
    "entropy_max",
    "packet_size_mean",
    "packet_size_std",
    "packet_size_ratio",
    "unique_src_ports",
    "unique_dst_ports",
    "port_diversity",
    "ransomware_port_usage",
    "payload_variance",
    "null_bytes_mean",
    "null_bytes_ratio"
  ]
}