{
  "loss": [
    0.6763700842857361,
    0.6448104977607727,
    0.5813668966293335,
    0.5560787320137024,
    0.5434984564781189
  ],
  "accuracy": [
    0.6953647136688232,
    0.7412937879562378,
    0.8196069598197937,
    0.8472010493278503,
    0.8584656119346619
  ],
  "val_loss": [
    0.49384605884552,
    0.3140784800052643,
    0.3026288151741028,
    0.3290506899356842,
    0.3080645203590393
  ],
  "val_accuracy": [
    0.9972240328788757,
    0.9974031448364258,
    0.990328848361969,
    0.9973135590553284,
    0.9971345067024231
  ],
  "lr": [
    0.0010000000474974513,
    0.0010000000474974513,
    0.0010000000474974513,
    0.0010000000474974513,
    0.0005000000237487257
  ]
}